{"sfx_vol":0.00009999999747378752,"music_vol":0.00009999999747378752}