{"sfx_vol":0.15901586413383485,"music_vol":0.16060380637645722}