{"sfx_vol":0.800000011920929,"music_vol":0.00009999999747378752}