{"sfx_vol":0.800000011920929,"music_vol":0.7207531929016113}