{"sfx_vol":0.7206913828849793,"music_vol":0.8274528980255127}