{"slot":1,"playerName":"John","playerGender":0,"chapterNumber":1,"lastPosition":{"x_pos":458.20013427734377,"y_pos":196.2953338623047,"z_pos":1091.2940673828125},"understandingLevel":0,"missionNumber":7,"goalNumber":0}