{"slot":2,"playerName":"Jane","playerGender":1,"chapterNumber":2,"lastPosition":{"x_pos":555.6976928710938,"y_pos":199.8090057373047,"z_pos":2891.863037109375},"understandingLevel":2,"missionNumber":0,"goalNumber":0}