{"slot":1,"playerName":"Merlyn","playerGender":0,"chapterNumber":1,"lastPosition":{"x_pos":456.1434631347656,"y_pos":200.52545166015626,"z_pos":1092.4676513671875},"understandingLevel":0,"missionNumber":0,"goalNumber":0}