{"slot":1,"playerName":"Jeremy","playerGender":0,"chapterNumber":1,"lastPosition":{"x_pos":1073.6556396484375,"y_pos":202.00009155273438,"z_pos":2083.54052734375},"understandingLevel":2,"missionNumber":19,"goalNumber":0}
